省(市、区),市（州）,县（市、区）,乡镇(街道),村
安徽省,宣城市,泾县,丁家桥镇,李元村
北京市,北京市,房山区,长阳镇,阎仙垡村
福建省,福州市,晋安区,新店镇,西园村
福建省,福州市,连江县,潘渡乡,贵安村
福建省,福州市,闽侯县,荆溪镇,关口村
福建省,福州市,闽侯县,上街镇,建平村
福建省,福州市,闽侯县,上街镇,浦口村
福建省,龙岩市,新罗区,小池镇,培斜村
福建省,莆田市,城厢区,霞林街道,坂头村
福建省,莆田市,城厢区,霞林街道,下黄村
福建省,莆田市,涵江区,国欢镇,都邠村
福建省,莆田市,涵江区,梧塘镇,枫林村
福建省,莆田市,涵江区,梧塘镇,松东村
福建省,莆田市,荔城区,黄石镇,凤山村
福建省,莆田市,荔城区,黄石镇,和平村
福建省,莆田市,荔城区,黄石镇,横塘村
福建省,莆田市,荔城区,黄石镇,江东村
福建省,莆田市,荔城区,黄石镇,七境村
福建省,莆田市,荔城区,黄石镇,清前村
福建省,莆田市,荔城区,黄石镇,沙坂村
福建省,莆田市,荔城区,黄石镇,水南村
福建省,莆田市,荔城区,黄石镇,西洪村
福建省,莆田市,荔城区,黄石镇,下江头村
福建省,莆田市,荔城区,黄石镇,瑶台村
福建省,莆田市,荔城区,西天尾镇,北大村
福建省,莆田市,荔城区,西天尾镇,龙山村
福建省,莆田市,荔城区,新度镇,白埕村
福建省,莆田市,荔城区,新度镇,厝柄村
福建省,莆田市,荔城区,新度镇,锦墩村
福建省,莆田市,荔城区,新度镇,蒲坂村
福建省,莆田市,荔城区,新度镇,新度村
福建省,莆田市,仙游县,榜头镇,坝下村
福建省,莆田市,仙游县,榜头镇,南溪村
福建省,莆田市,仙游县,榜头镇,紫泽村
福建省,莆田市,仙游县,枫亭镇,麟山村
福建省,莆田市,秀屿区,东峤镇,上塘村
福建省,泉州市,安溪县,城厢镇,光德村
福建省,泉州市,安溪县,城厢镇,同美村
福建省,泉州市,安溪县,城厢镇,仙苑村
福建省,泉州市,安溪县,城厢镇,砖文村
福建省,泉州市,安溪县,尚卿乡,福林村
福建省,泉州市,安溪县,尚卿乡,翰卿村
福建省,泉州市,安溪县,尚卿乡,翰苑村
福建省,泉州市,安溪县,尚卿乡,新楼村
福建省,泉州市,安溪县,尚卿乡,尤俊村
福建省,泉州市,安溪县,尚卿乡,灶坑村
福建省,泉州市,安溪县,尚卿乡,灶美村
福建省,泉州市,德化县,龙浔镇,宝美村
福建省,泉州市,德化县,龙浔镇,丁墘村
福建省,泉州市,德化县,龙浔镇,丁溪村
福建省,泉州市,德化县,三班镇,蔡径村
福建省,泉州市,德化县,三班镇,东山洋村
福建省,泉州市,德化县,三班镇,三班村
福建省,泉州市,德化县,三班镇,泗滨村
福建省,泉州市,德化县,浔中镇,后所村
福建省,泉州市,德化县,浔中镇,乐陶村
福建省,泉州市,德化县,浔中镇,世科村
福建省,泉州市,德化县,浔中镇,浔中村
福建省,泉州市,惠安县,黄塘镇,省吟村
福建省,泉州市,晋江市,陈埭镇,庵上村
福建省,泉州市,晋江市,陈埭镇,岸兜村
福建省,泉州市,晋江市,陈埭镇,坊脚村
福建省,泉州市,晋江市,陈埭镇,高坑村
福建省,泉州市,晋江市,陈埭镇,宫口村
福建省,泉州市,晋江市,陈埭镇,桂林村
福建省,泉州市,晋江市,陈埭镇,海尾村
福建省,泉州市,晋江市,陈埭镇,涵埭村
福建省,泉州市,晋江市,陈埭镇,涵口村
福建省,泉州市,晋江市,陈埭镇,横板村
福建省,泉州市,晋江市,陈埭镇,湖中村
福建省,泉州市,晋江市,陈埭镇,花厅口村
福建省,泉州市,晋江市,陈埭镇,江头村
福建省,泉州市,晋江市,陈埭镇,鹏头村
福建省,泉州市,晋江市,陈埭镇,苏厝村
福建省,泉州市,晋江市,陈埭镇,溪边村
福建省,泉州市,晋江市,陈埭镇,仙石村
福建省,泉州市,晋江市,陈埭镇,洋埭村
福建省,泉州市,晋江市,磁灶镇,张林村
福建省,泉州市,晋江市,龙湖镇,埔锦村
福建省,泉州市,晋江市,龙湖镇,石龟村
福建省,泉州市,晋江市,龙湖镇,梧坑村
福建省,泉州市,晋江市,龙湖镇,新丰村
福建省,泉州市,晋江市,龙湖镇,秀山村
福建省,泉州市,晋江市,永和镇,坂头村
福建省,泉州市,晋江市,永和镇,旦厝村
福建省,泉州市,晋江市,永和镇,东茂村
福建省,泉州市,晋江市,永和镇,割山村
福建省,泉州市,晋江市,永和镇,后埔村
福建省,泉州市,晋江市,永和镇,马坪村
福建省,泉州市,晋江市,永和镇,玉湖村
福建省,泉州市,晋江市,永和镇,玉溪村
福建省,泉州市,南安市,康美镇,福铁村
福建省,泉州市,南安市,乐峰镇,飞云村
福建省,泉州市,南安市,乐峰镇,炉山村
福建省,泉州市,南安市,美林街道,松岭村
福建省,泉州市,南安市,霞美镇,邱钟村
福建省,泉州市,南安市,霞美镇,山美村
福建省,泉州市,南安市,霞美镇,长福村
福建省,泉州市,石狮市,鸿山镇,伍堡村
福建省,泉州市,石狮市,永宁镇,前埔村
福建省,泉州市,台商投资区,东园镇,后港村
福建省,泉州市,台商投资区,东园镇,琅山村
福建省,泉州市,台商投资区,东园镇,秀土村
福建省,泉州市,台商投资区,洛阳镇,屿头村
福建省,泉州市,台商投资区,张坂镇,黄岭村
福建省,厦门市,海沧区,海沧街道,石塘村
福建省,厦门市,翔安区,马巷镇,赵岗村
福建省,漳州市,龙海市,九湖镇,百花村
福建省,漳州市,芗城区,石亭镇,北斗村
广东省,潮州市,饶平县,钱东镇,上浮山村
广东省,潮州市,饶平县,钱东镇,紫云村
广东省,佛山市,禅城区,南庄镇,吉利村
广东省,佛山市,禅城区,南庄镇,溶洲村
广东省,佛山市,南海区,丹灶镇,东联村
广东省,佛山市,南海区,九江镇,沙头村
广东省,佛山市,南海区,九江镇,石江村
广东省,佛山市,南海区,九江镇,镇南村
广东省,佛山市,南海区,里水镇,白塔村
广东省,佛山市,南海区,里水镇,北沙村
广东省,佛山市,南海区,里水镇,布新村
广东省,佛山市,南海区,里水镇,得胜村
广东省,佛山市,南海区,里水镇,岗联村
广东省,佛山市,南海区,里水镇,河村
广东省,佛山市,南海区,里水镇,宏岗村
广东省,佛山市,南海区,里水镇,麻奢村
广东省,佛山市,南海区,里水镇,五一村
广东省,佛山市,南海区,里水镇,洲村
广东省,佛山市,南海区,狮山镇,罗村
广东省,佛山市,南海区,狮山镇,狮北村
广东省,佛山市,南海区,西樵镇,大同村
广东省,佛山市,南海区,西樵镇,新田村
广东省,佛山市,三水区,乐平镇,范湖村
广东省,佛山市,三水区,乐平镇,三江村
广东省,佛山市,顺德区,乐从镇,大墩村
广东省,佛山市,顺德区,乐从镇,大闸村
广东省,佛山市,顺德区,乐从镇,葛岸村
广东省,佛山市,顺德区,乐从镇,荷村
广东省,佛山市,顺德区,乐从镇,良村
广东省,佛山市,顺德区,乐从镇,良教村
广东省,佛山市,顺德区,乐从镇,罗沙村
广东省,佛山市,顺德区,乐从镇,南村
广东省,佛山市,顺德区,乐从镇,沙边村
广东省,佛山市,顺德区,乐从镇,沙窖南村
广东省,佛山市,顺德区,乐从镇,上华村
广东省,佛山市,顺德区,乐从镇,水藤村
广东省,佛山市,顺德区,乐从镇,新隆村
广东省,佛山市,顺德区,乐从镇,杨滘村
广东省,佛山市,顺德区,杏坛镇,高赞村
广东省,广州市,白云区,江高镇,江村
广东省,广州市,白云区,江高镇,泉溪村
广东省,广州市,白云区,京溪街道,犀牛角村
广东省,广州市,白云区,人和镇,大巷村
广东省,广州市,白云区,人和镇,东华村
广东省,广州市,白云区,人和镇,方石村
广东省,广州市,白云区,人和镇,岗尾村
广东省,广州市,白云区,人和镇,高增村
广东省,广州市,白云区,人和镇,太成村
广东省,广州市,白云区,人和镇,西成村
广东省,广州市,白云区,人和镇,秀水村
广东省,广州市,白云区,人和镇,鸦湖村
广东省,广州市,白云区,太和镇,北村
广东省,广州市,白云区,太和镇,大沥村
广东省,广州市,白云区,太和镇,大源村
广东省,广州市,白云区,太和镇,东平村
广东省,广州市,白云区,太和镇,和龙村
广东省,广州市,白云区,太和镇,黄庄村
广东省,广州市,白云区,太和镇,龙归南村
广东省,广州市,白云区,太和镇,龙归社区
广东省,广州市,白云区,太和镇,米龙村
广东省,广州市,白云区,太和镇,南边村
广东省,广州市,白云区,太和镇,南村
广东省,广州市,白云区,太和镇,南岭村
广东省,广州市,白云区,太和镇,石湖村
广东省,广州市,白云区,太和镇,田心村
广东省,广州市,白云区,太和镇,夏良村
广东省,广州市,白云区,太和镇,谢家庄村
广东省,广州市,白云区,太和镇,永兴村
广东省,广州市,白云区,太和镇,园夏村
广东省,广州市,白云区,钟落潭镇,金盆村
广东省,广州市,白云区,钟落潭镇,长腰岭村
广东省,广州市,番禺区,大石街道,北联村
广东省,广州市,番禺区,大石街道,大山村
广东省,广州市,番禺区,大石街道,东联村
广东省,广州市,番禺区,大石街道,河村
广东省,广州市,番禺区,大石街道,会江村
广东省,广州市,番禺区,大石街道,礼村
广东省,广州市,番禺区,大石街道,猛涌村
广东省,广州市,番禺区,大石街道,沙溪村
广东省,广州市,番禺区,大石街道,上漖村
广东省,广州市,番禺区,大石街道,诜村
广东省,广州市,番禺区,大石街道,涌口村
广东省,广州市,番禺区,大石街道,植村
广东省,广州市,番禺区,南村镇,板桥村
广东省,广州市,番禺区,南村镇,草堂村
广东省,广州市,番禺区,南村镇,陈边村
广东省,广州市,番禺区,南村镇,江南村
广东省,广州市,番禺区,南村镇,坑头村
广东省,广州市,番禺区,南村镇,里仁洞村
广东省,广州市,番禺区,南村镇,南村
广东省,广州市,番禺区,南村镇,市头村
广东省,广州市,番禺区,南村镇,塘步东村
广东省,广州市,番禺区,南村镇,塘步西村
广东省,广州市,番禺区,南村镇,塘西村
广东省,广州市,番禺区,南村镇,员岗村
广东省,广州市,番禺区,南村镇,樟边村
广东省,广州市,番禺区,沙湾镇,蚬涌村
广东省,广州市,番禺区,石基镇,茶东村
广东省,广州市,番禺区,石基镇,海傍村
广东省,广州市,番禺区,石基镇,金山村
广东省,广州市,番禺区,石基镇,石基村
广东省,广州市,番禺区,石基镇,永善村
广东省,广州市,番禺区,石楼镇,赤岗村
广东省,广州市,花都区,花东镇,保良村
广东省,广州市,花都区,花东镇,北兴村
广东省,广州市,花都区,花东镇,三凤村
广东省,广州市,花都区,狮岭镇,冯村
广东省,广州市,花都区,狮岭镇,合成村
广东省,广州市,花都区,狮岭镇,军田村
广东省,广州市,花都区,狮岭镇,联合村
广东省,广州市,花都区,狮岭镇,奇才新村
广东省,广州市,花都区,狮岭镇,旗新村
广东省,广州市,花都区,狮岭镇,前进村
广东省,广州市,花都区,狮岭镇,双龙村
广东省,广州市,花都区,狮岭镇,新扬村
广东省,广州市,花都区,狮岭镇,新杨村
广东省,广州市,花都区,狮岭镇,义坑新村
广东省,广州市,花都区,狮岭镇,义山村
广东省,广州市,花都区,狮岭镇,益群村
广东省,广州市,花都区,狮岭镇,振兴村
广东省,广州市,花都区,狮岭镇,中心村
广东省,广州市,增城区,新塘镇,白江村
广东省,广州市,增城区,新塘镇,白石村
广东省,广州市,增城区,新塘镇,东洲村
广东省,广州市,增城区,新塘镇,甘涌村
广东省,广州市,增城区,新塘镇,久裕村
广东省,广州市,增城区,新塘镇,坭紫村
广东省,广州市,增城区,新塘镇,上邵村
广东省,广州市,增城区,新塘镇,新何村
广东省,广州市,增城区,新塘镇,瑶田村
广东省,河源市,龙川县,老隆镇,水贝村
广东省,惠州市,博罗县,石湾镇,湖山村
广东省,惠州市,博罗县,石湾镇,铁场村
广东省,惠州市,博罗县,石湾镇,中岗村
广东省,惠州市,博罗县,园洲镇,李屋村
广东省,惠州市,博罗县,园洲镇,寮仔村
广东省,惠州市,博罗县,园洲镇,上南村
广东省,惠州市,博罗县,园洲镇,下南村
广东省,惠州市,惠城区,小金口街道,乌石村
广东省,惠州市,惠东县,白花镇,太阳村
广东省,惠州市,惠东县,大岭镇,大浪村
广东省,惠州市,惠东县,大岭镇,新村
广东省,惠州市,惠阳区,淡水街道,土湖村
广东省,惠州市,惠阳区,秋长街道,白石村
广东省,惠州市,惠阳区,秋长街道,维布村
广东省,惠州市,惠阳区,秋长街道,新塘村
广东省,惠州市,惠阳区,新圩镇,长布村
广东省,江门市,鹤山市,沙坪街道,中东西村
广东省,江门市,鹤山市,址山镇,东溪村
广东省,江门市,开平市,水口镇,水口村
广东省,江门市,台山市,大江镇,大江村
广东省,揭阳市,揭东区,锡场镇,军埔村
广东省,揭阳市,揭西县,棉湖镇,湖西村
广东省,揭阳市,普宁市,池尾街道,东山村
广东省,揭阳市,普宁市,池尾街道,多年山村
广东省,揭阳市,普宁市,池尾街道,高埕村
广东省,揭阳市,普宁市,池尾街道,高明村
广东省,揭阳市,普宁市,池尾街道,贵政山村
广东省,揭阳市,普宁市,池尾街道,华市村
广东省,揭阳市,普宁市,池尾街道,山湖村
广东省,揭阳市,普宁市,池尾街道,上寮村
广东省,揭阳市,普宁市,池尾街道,松柏岭村
广东省,揭阳市,普宁市,池尾街道,塔丰村
广东省,揭阳市,普宁市,池尾街道,塘边村
广东省,揭阳市,普宁市,池尾街道,西清村
广东省,揭阳市,普宁市,池尾街道,新寮村
广东省,揭阳市,普宁市,池尾街道,钟潭村
广东省,揭阳市,普宁市,军埠镇,大长陇村
广东省,揭阳市,普宁市,军埠镇,莲坛村
广东省,揭阳市,普宁市,军埠镇,石桥头村
广东省,揭阳市,普宁市,燎原镇,光南村
广东省,揭阳市,普宁市,燎原镇,果陇村
广东省,揭阳市,普宁市,燎原镇,泥沟村
广东省,揭阳市,普宁市,燎原镇,乌石村
广东省,揭阳市,普宁市,流沙北街道,白沙陇村
广东省,揭阳市,普宁市,流沙北街道,南园村
广东省,揭阳市,普宁市,流沙北街道,西陇村
广东省,揭阳市,普宁市,流沙北街道,小扬美村
广东省,揭阳市,普宁市,流沙北街道,新村
广东省,揭阳市,普宁市,流沙南街道,东埔村
广东省,揭阳市,普宁市,流沙南街道,光草洋村
广东省,揭阳市,普宁市,流沙南街道,马栅村
广东省,揭阳市,普宁市,流沙南街道,泗竹埔村
广东省,揭阳市,普宁市,梅塘镇,泗坑村
广东省,揭阳市,普宁市,梅塘镇,涂洋村
广东省,揭阳市,普宁市,梅塘镇,溪南村
广东省,揭阳市,普宁市,梅塘镇,长美村
广东省,揭阳市,普宁市,南径镇,龙门村
广东省,揭阳市,普宁市,南径镇,青洋山村
广东省,揭阳市,普宁市,南溪镇,钟堂村
广东省,揭阳市,普宁市,麒麟镇,月屿村
广东省,揭阳市,普宁市,下架山镇,横溪村
广东省,揭阳市,普宁市,下架山镇,咸寮村
广东省,揭阳市,普宁市,占陇镇,交丙坛村
广东省,揭阳市,普宁市,占陇镇,朴兜村
广东省,揭阳市,普宁市,占陇镇,西楼村
广东省,揭阳市,普宁市,占陇镇,下村
广东省,揭阳市,普宁市,占陇镇,下寨村
广东省,揭阳市,普宁市,占陇镇,占陈村
广东省,揭阳市,普宁市,占陇镇,占苏村
广东省,揭阳市,普宁市,占陇镇,占杨村
广东省,汕头市,潮南区,陈店镇,浮草村
广东省,汕头市,潮南区,陈店镇,港后村
广东省,汕头市,潮南区,陈店镇,流仙村
广东省,汕头市,潮南区,陈店镇,内新村
广东省,汕头市,潮南区,陈店镇,新溪西村
广东省,汕头市,潮南区,陈店镇,洋新村
广东省,汕头市,潮南区,成田镇,简朴村
广东省,汕头市,潮南区,成田镇,深沟村
广东省,汕头市,潮南区,成田镇,西岐村
广东省,汕头市,潮南区,两英镇,东北村
广东省,汕头市,潮南区,两英镇,禾皋村
广东省,汕头市,潮南区,两英镇,西新村
广东省,汕头市,潮南区,陇田镇,芝兰村
广东省,汕头市,潮南区,陇田镇,珠埕村
广东省,汕头市,潮南区,胪岗镇,泗和村
广东省,汕头市,潮南区,胪岗镇,泗黄村
广东省,汕头市,潮南区,胪岗镇,溪尾周村
广东省,汕头市,潮南区,胪岗镇,新庆村
广东省,汕头市,潮南区,司马浦镇,华里西村
广东省,汕头市,潮南区,司马浦镇,溪美朱村
广东省,汕头市,潮南区,司马浦镇,下店村
广东省,汕头市,潮南区,司马浦镇,仙港村
广东省,汕头市,潮南区,峡山街道,陈禾陂村
广东省,汕头市,潮南区,峡山街道,东溪村
广东省,汕头市,潮南区,峡山街道,沟头村
广东省,汕头市,潮南区,峡山街道,练南村
广东省,汕头市,潮南区,峡山街道,西港村
广东省,汕头市,潮南区,峡山街道,西沟村
广东省,汕头市,潮南区,峡山街道,洋汾陈村
广东省,汕头市,潮阳区,谷饶镇,大坑村
广东省,汕头市,潮阳区,谷饶镇,东明村
广东省,汕头市,潮阳区,贵屿镇,湄洲村
广东省,汕头市,潮阳区,贵屿镇,山力村
广东省,汕头市,潮阳区,贵屿镇,西美村
广东省,汕头市,潮阳区,贵屿镇,仙马村
广东省,汕头市,潮阳区,河溪镇,东陇村
广东省,汕头市,潮阳区,铜盂镇,河陇村
广东省,汕头市,潮阳区,铜盂镇,肖渡村
广东省,汕头市,澄海区,东里镇,南社村
广东省,汕头市,澄海区,莲上镇,涂城村
广东省,汕头市,澄海区,莲上镇,永新村
广东省,汕头市,澄海区,莲上镇,竹林村
广东省,汕头市,澄海区,莲下镇,北湾村
广东省,汕头市,澄海区,莲下镇,槐东村
广东省,汕头市,澄海区,莲下镇,槐泽村
广东省,汕头市,澄海区,莲下镇,建阳村
广东省,汕头市,澄海区,莲下镇,窖西村
广东省,汕头市,澄海区,莲下镇,立德村
广东省,汕头市,澄海区,莲下镇,南湾村
广东省,汕头市,澄海区,上华镇,渡头村
广东省,汕头市,澄海区,溪南镇,埭头村
广东省,汕头市,澄海区,溪南镇,上岱美村
广东省,汕头市,澄海区,溪南镇,下岱美村
广东省,汕头市,龙湖区,外砂镇,李厝村
广东省,汕头市,龙湖区,外砂镇,南社村
广东省,汕头市,龙湖区,外砂镇,内陇村
广东省,汕头市,龙湖区,外砂镇,蓬中村
广东省,汕头市,龙湖区,珠池街道,广兴村
广东省,汕尾市,陆丰市,碣石镇,桂林村
广东省,珠海市,斗门区,井岸镇,西埔村
广东省,珠海市,斗门区,井岸镇,新青村
河北省,保定市,安新县,安新镇,大张庄村
河北省,保定市,白沟新城,白沟镇,白五村
河北省,保定市,白沟新城,白沟镇,来远村
河北省,保定市,白沟新城,白沟镇,王庄村
河北省,保定市,白沟新城,白沟镇,小营村
河北省,保定市,白沟新城,白沟镇,许庄村
河北省,保定市,高碑店市,梁家营乡,梁北村
河北省,保定市,高碑店市,新城镇,南场村
河北省,保定市,高碑店市,张六庄乡,南宫井村
河北省,保定市,蠡县,南庄镇,后刘市村
河北省,保定市,蠡县,南庄镇,林里村
河北省,保定市,蠡县,辛兴镇,南沙口村
河北省,保定市,蠡县,辛兴镇,辛兴村
河北省,保定市,清苑县,东吕乡,东吕村
河北省,保定市,曲阳县,羊平镇,北村
河北省,保定市,曲阳县,羊平镇,南村
河北省,保定市,容城县,大河镇,西里村
河北省,保定市,容城县,晾马台镇,王家营村
河北省,保定市,雄县,龙湾镇,大步村
河北省,沧州市,泊头市,富镇镇,富镇村
河北省,沧州市,泊头市,富镇镇,孟屯村
河北省,沧州市,肃宁县,河北留善寺乡,韩村
河北省,沧州市,肃宁县,河北留善寺乡,河北村
河北省,沧州市,肃宁县,河北留善寺乡,河南留善寺村
河北省,沧州市,肃宁县,河北留善寺乡,南曹庄村
河北省,沧州市,肃宁县,河北留善寺乡,西乾泊村
河北省,沧州市,肃宁县,河北留善寺乡,徐家庄村
河北省,沧州市,肃宁县,万里镇,官厅村
河北省,沧州市,肃宁县,万里镇,西辛庄村
河北省,邯郸市,峰峰矿区,彭城镇,街王庄村
河北省,邯郸市,永年县,临洺关镇,河北铺村
河北省,衡水市,枣强县,肖张镇,肖张村
河北省,廊坊市,霸州市,胜芳镇,崔庄子村
河北省,廊坊市,霸州市,王庄子乡,王泊村
河北省,廊坊市,霸州市,信安镇,高桥村
河北省,廊坊市,大城县,广安镇,大广安村
河北省,廊坊市,固安县,礼让店乡,康家务村
河北省,廊坊市,广阳区,南尖塔镇,北尖塔村
河北省,廊坊市,三河市,燕郊镇,行宫村
河北省,秦皇岛市,北戴河区,戴河镇,北戴河村
河北省,石家庄市,藁城市,梅花镇,南高庄村
河北省,石家庄市,藁城市,梅花镇,屯头村
河北省,石家庄市,晋州市,东卓宿镇,陈家庄村
河北省,石家庄市,晋州市,马于镇,吕家庄村
河北省,石家庄市,晋州市,马于镇,马于村
河北省,石家庄市,晋州市,桃园镇,东小留村
河北省,石家庄市,晋州市,小樵镇,田村
河北省,石家庄市,深泽县,白庄乡,大直要村
河北省,石家庄市,深泽县,白庄乡,南张庄村
河北省,石家庄市,深泽县,白庄乡,小堡村
河北省,石家庄市,深泽县,桥头乡,方元村
河北省,石家庄市,深泽县,桥头乡,耿庄村
河北省,石家庄市,无极县,张段固镇,王吕村
河北省,石家庄市,新华区,杜北乡,南高基村
河北省,石家庄市,正定县,正定镇,北贾村
河北省,唐山市,迁安市,杨店子镇,滨河村
河北省,邢台市,南宫市,垂杨镇,后索泸村
河北省,邢台市,南宫市,垂杨镇,前索泸村
河北省,邢台市,南宫市,垂杨镇,宋都水村
河北省,邢台市,南宫市,段芦头镇,段四村
河北省,邢台市,南宫市,段芦头镇,段一村
河北省,邢台市,南宫市,段芦头镇,南张庄村
河北省,邢台市,南宫市,紫冢镇,赵都水村
河北省,邢台市,宁晋县,凤凰镇,杨家庄村
河北省,邢台市,宁晋县,河渠镇,河渠村
河北省,邢台市,平乡县,丰州镇,霍洪村
河北省,邢台市,平乡县,丰州镇,李冯马村
河北省,邢台市,平乡县,丰州镇,梁里马村
河北省,邢台市,平乡县,丰州镇,孟冯马村
河北省,邢台市,平乡县,丰州镇,田禾村
河北省,邢台市,平乡县,丰州镇,张冯马村
河北省,邢台市,平乡县,丰州镇,左冯马村
河北省,邢台市,平乡县,河古庙镇,高阜镇村
河北省,邢台市,平乡县,田付村乡,艾村
河北省,邢台市,平乡县,田付村乡,田付村
河北省,邢台市,清河县,葛仙庄镇,东高庄村
河北省,邢台市,清河县,葛仙庄镇,花园村
河北省,邢台市,清河县,葛仙庄镇,黄金庄村
河北省,邢台市,清河县,葛仙庄镇,郎吕坡村
河北省,邢台市,清河县,葛仙庄镇,西高庄村
河北省,邢台市,清河县,葛仙庄镇,许二庄村
河北省,邢台市,清河县,葛仙庄镇,杨二庄村
河北省,邢台市,清河县,葛仙庄镇,张二庄村
河北省,邢台市,清河县,连庄镇,东张古村
河北省,邢台市,清河县,连庄镇,后段庄村
河北省,邢台市,清河县,连庄镇,双城集村
河北省,邢台市,清河县,连庄镇,田沙土村
河北省,邢台市,清河县,连庄镇,西张古村
河北省,邢台市,清河县,连庄镇,西张宽村
河北省,邢台市,清河县,谢炉镇,陈庄村
河北省,邢台市,清河县,谢炉镇,王双庙村
河南省,焦作市,孟州市,南庄镇,桑坡村
河南省,洛阳市,孟津县,平乐镇,平乐村
河南省,洛阳市,偃师市,缑氏镇,马屯村
河南省,洛阳市,伊滨区,庞村镇,掘山村
河南省,南阳市,镇平县,石佛寺镇,贺庄村
河南省,南阳市,镇平县,石佛寺镇,石佛寺村
河南省,商丘市,夏邑县,何营乡,王营村
河南省,许昌市,许昌县,灵井镇,郭店村
河南省,许昌市,许昌县,灵井镇,霍庄村
河南省,许昌市,长葛市,大周镇,和尚杨村
河南省,许昌市,长葛市,大周镇,双庙李村
河南省,许昌市,长葛市,官亭乡,岗李村
河南省,许昌市,长葛市,官亭乡,尚庄村
湖北省,十堰市,郧西县,涧池乡,下营村
湖南省,益阳市,桃江县,桃花江镇,株木潭村
吉林省,延边朝鲜族自治州,安图县,二道白河镇,长白村
江苏省,常州市,溧阳市,溧城镇,昆仑村
江苏省,常州市,溧阳市,天目湖镇,天目湖村
江苏省,常州市,武进区,奔牛镇,东桥村
江苏省,常州市,武进区,横林镇,崔北村
江苏省,常州市,武进区,横林镇,双蓉村
江苏省,常州市,武进区,横山桥镇,省庄村
江苏省,常州市,武进区,湖塘镇,大学新村
江苏省,常州市,武进区,邹区镇,安基村
江苏省,常州市,武进区,邹区镇,戴庄村
江苏省,常州市,新北区,春江镇,圩塘村
江苏省,常州市,新北区,孟河镇,九龙村
江苏省,常州市,新北区,孟河镇,庙边村
江苏省,连云港市,东海县,牛山镇,西蔡村
江苏省,连云港市,东海县,曲阳乡,薛埠村
江苏省,连云港市,灌云县,伊山镇,新村
江苏省,南通市,海安县,城东镇,西场村
江苏省,南通市,海门市,海门镇,海新村
江苏省,南通市,启东市,吕四港镇,天汾镇村
江苏省,南通市,通州区,川姜镇,川北村
江苏省,南通市,通州区,川姜镇,川南村
江苏省,南通市,通州区,川姜镇,姜川村
江苏省,南通市,通州区,川姜镇,磨框镇村
江苏省,南通市,通州区,川姜镇,三合口村
江苏省,南通市,通州区,川姜镇,双桥村
江苏省,南通市,通州区,川姜镇,义成村
江苏省,南通市,通州区,川姜镇,志浩村
江苏省,南通市,通州区,川姜镇,志南村
江苏省,南通市,通州区,金沙镇,新村
江苏省,南通市,通州区,张芝山镇,塘坊村
江苏省,苏州市,常熟市,古里镇,新桥村
江苏省,苏州市,常熟市,海虞镇,福山村
江苏省,苏州市,常熟市,梅李镇,赵市村
江苏省,苏州市,常熟市,沙家浜镇,常昆村
江苏省,苏州市,常熟市,尚湖镇,蒋巷镇村
江苏省,苏州市,常熟市,尚湖镇,颜巷村
江苏省,苏州市,常熟市,尚湖镇,鸳鸯桥村
江苏省,苏州市,常熟市,虞山镇,安定村
江苏省,苏州市,常熟市,虞山镇,大兴村
江苏省,苏州市,常熟市,虞山镇,甸桥村
江苏省,苏州市,常熟市,虞山镇,甸头新村
江苏省,苏州市,常熟市,虞山镇,湖鹤新村
江苏省,苏州市,常熟市,虞山镇,湖泾村
江苏省,苏州市,常熟市,虞山镇,花溪村
江苏省,苏州市,常熟市,虞山镇,建华村
江苏省,苏州市,常熟市,虞山镇,蒋家村
江苏省,苏州市,常熟市,虞山镇,青莲村
江苏省,苏州市,常熟市,虞山镇,三塘村
江苏省,苏州市,常熟市,虞山镇,商城新村
江苏省,苏州市,常熟市,虞山镇,言里村
江苏省,苏州市,常熟市,虞山镇,姚家村
江苏省,苏州市,常熟市,虞山镇,元和村
江苏省,苏州市,昆山市,巴城镇,阳澄湖村
江苏省,苏州市,昆山市,巴城镇,正仪村
江苏省,苏州市,昆山市,陆家镇,合丰村
江苏省,苏州市,昆山市,陆家镇,邵村
江苏省,苏州市,昆山市,千灯镇,大唐村
江苏省,苏州市,昆山市,千灯镇,石浦村
江苏省,苏州市,昆山市,张浦镇,大市村
江苏省,苏州市,太仓市,浮桥镇,时思村
江苏省,苏州市,太仓市,浏河镇,新塘村
江苏省,苏州市,太仓市,沙溪镇,泰西村
江苏省,苏州市,太仓市,双凤镇,新湖村
江苏省,苏州市,吴中区,临湖镇,浦庄村
江苏省,苏州市,相城区,北桥街道,灵峰村
江苏省,苏州市,相城区,北桥街道,庄基村
江苏省,苏州市,相城区,黄桥街道,张庄村
江苏省,苏州市,相城区,太平街道,黎明村
江苏省,苏州市,相城区,渭塘镇,渭西村
江苏省,苏州市,相城区,阳澄湖镇,消泾村
江苏省,苏州市,张家港市,金港镇,德积村
江苏省,苏州市,张家港市,金港镇,张家港村
江苏省,苏州市,张家港市,锦丰镇,向阳村
江苏省,苏州市,张家港市,南丰镇,永联村
江苏省,苏州市,张家港市,杨舍镇,东莱村
江苏省,苏州市,张家港市,杨舍镇,福前村
江苏省,泰州市,泰兴市,虹桥镇,七圩村
江苏省,泰州市,泰兴市,黄桥镇,刘陈村
江苏省,泰州市,兴化市,戴南镇,董北村
江苏省,泰州市,兴化市,戴南镇,顾庄村
江苏省,泰州市,兴化市,张郭镇,蒋庄村
江苏省,泰州市,兴化市,张郭镇,唐刘村
江苏省,无锡市,江阴市,华士镇,华西村
江苏省,无锡市,江阴市,璜土镇,石庄村
江苏省,无锡市,江阴市,徐霞客镇,璜塘村
江苏省,无锡市,江阴市,徐霞客镇,马镇村
江苏省,无锡市,江阴市,徐霞客镇,峭岐村
江苏省,无锡市,江阴市,云亭街道,云新村
江苏省,无锡市,江阴市,周庄镇,华宏村
江苏省,无锡市,江阴市,周庄镇,倪家巷村
江苏省,无锡市,江阴市,周庄镇,长寿村
江苏省,无锡市,江阴市,周庄镇,宗言村
江苏省,无锡市,江阴市,祝塘镇,文林村
江苏省,无锡市,宜兴市,丁蜀镇,川埠村
江苏省,无锡市,宜兴市,丁蜀镇,紫砂村
江苏省,无锡市,宜兴市,高塍镇,范道村
江苏省,宿迁市,沭阳县,庙头镇,东柳村
江苏省,宿迁市,沭阳县,庙头镇,赶埠村
江苏省,宿迁市,沭阳县,庙头镇,古龙村
江苏省,宿迁市,沭阳县,庙头镇,后窑村
江苏省,宿迁市,沭阳县,庙头镇,聚贤村
江苏省,宿迁市,沭阳县,庙头镇,冷庄村
江苏省,宿迁市,沭阳县,庙头镇,冷庄社区
江苏省,宿迁市,沭阳县,庙头镇,庙头社区
江苏省,宿迁市,沭阳县,新河镇,巴房村
江苏省,宿迁市,沭阳县,新河镇,春生村
江苏省,宿迁市,沭阳县,新河镇,大营村
江苏省,宿迁市,沭阳县,新河镇,解桥村
江苏省,宿迁市,沭阳县,新河镇,沙河村
江苏省,宿迁市,沭阳县,新河镇,双荡村
江苏省,宿迁市,沭阳县,新河镇,维新村
江苏省,宿迁市,沭阳县,新河镇,新槐村
江苏省,宿迁市,沭阳县,新河镇,堰头村
江苏省,宿迁市,沭阳县,新河镇,周圈村
江苏省,宿迁市,沭阳县,颜集镇,大庄村
江苏省,宿迁市,沭阳县,颜集镇,方圩村
江苏省,宿迁市,沭阳县,颜集镇,房许村
江苏省,宿迁市,沭阳县,颜集镇,梁庄村
江苏省,宿迁市,沭阳县,颜集镇,沙湾村
江苏省,宿迁市,沭阳县,颜集镇,沙愚村
江苏省,宿迁市,沭阳县,颜集镇,司程圩村
江苏省,宿迁市,沭阳县,颜集镇,颜集村
江苏省,宿迁市,沭阳县,颜集镇,堰下村
江苏省,宿迁市,沭阳县,颜集镇,虞北村
江苏省,宿迁市,沭阳县,颜集镇,虞潘村
江苏省,宿迁市,沭阳县,颜集镇,周项村
江苏省,宿迁市,沭阳县,扎下镇,明庄村
江苏省,宿迁市,泗洪县,临淮镇,洪胜村
江苏省,宿迁市,泗洪县,青阳镇,老庄村
江苏省,宿迁市,宿城区,埠子镇,蚕桑村
江苏省,宿迁市,宿城区,蔡集镇,王庄村
江苏省,宿迁市,宿城区,蔡集镇,徐洼村
江苏省,宿迁市,宿城区,蔡集镇,杨集村
江苏省,宿迁市,宿城区,耿车镇,大同村
江苏省,宿迁市,宿城区,耿车镇,大众村
江苏省,宿迁市,宿城区,耿车镇,耿车村
江苏省,宿迁市,宿城区,耿车镇,红卫村
江苏省,宿迁市,宿城区,耿车镇,湖稍村
江苏省,宿迁市,宿城区,耿车镇,刘圩村
江苏省,宿迁市,宿城区,耿车镇,三义村
江苏省,宿迁市,宿城区,耿车镇,五星村
江苏省,宿迁市,宿城区,耿车镇,新华村
江苏省,宿迁市,宿城区,王官集镇,九城村
江苏省,宿迁市,宿城区,王官集镇,仝李村
江苏省,宿迁市,宿城区,王官集镇,王林村
江苏省,宿迁市,宿豫区,大兴镇,集东村
江苏省,徐州市,丰县,大沙河镇,李寨村
江苏省,徐州市,沛县,五段镇,七段村
江苏省,徐州市,睢宁县,高作镇,曹庄社区
江苏省,徐州市,睢宁县,高作镇,高北村
江苏省,徐州市,睢宁县,高作镇,高东村
江苏省,徐州市,睢宁县,高作镇,高南社区
江苏省,徐州市,睢宁县,高作镇,官杨社区
江苏省,徐州市,睢宁县,高作镇,后刘村
江苏省,徐州市,睢宁县,高作镇,金塘村
江苏省,徐州市,睢宁县,高作镇,石墩村
江苏省,徐州市,睢宁县,高作镇,滕庄社区
江苏省,徐州市,睢宁县,高作镇,夏庙村
江苏省,徐州市,睢宁县,高作镇,张皮村
江苏省,徐州市,睢宁县,凌城镇,城北村
江苏省,徐州市,睢宁县,凌城镇,杜沈村
江苏省,徐州市,睢宁县,凌城镇,凌城社区
江苏省,徐州市,睢宁县,凌城镇,民主社区
江苏省,徐州市,睢宁县,凌城镇,张付村
江苏省,徐州市,睢宁县,邱集镇,倪庄村
江苏省,徐州市,睢宁县,邱集镇,仝海村
江苏省,徐州市,睢宁县,邱集镇,王林社区
江苏省,徐州市,睢宁县,沙集镇,蔡吴村
江苏省,徐州市,睢宁县,沙集镇,大顾村
江苏省,徐州市,睢宁县,沙集镇,丁陈村
江苏省,徐州市,睢宁县,沙集镇,东风村
江苏省,徐州市,睢宁县,沙集镇,和平社区
江苏省,徐州市,睢宁县,沙集镇,陆园村
江苏省,徐州市,睢宁县,沙集镇,三丁村
江苏省,徐州市,睢宁县,沙集镇,沙集社区
江苏省,徐州市,睢宁县,沙集镇,沙圩社区
江苏省,徐州市,睢宁县,沙集镇,商湖村
江苏省,徐州市,睢宁县,沙集镇,仝圩村
江苏省,徐州市,睢宁县,沙集镇,魏集村
江苏省,徐州市,睢宁县,沙集镇,夏圩村
江苏省,徐州市,睢宁县,沙集镇,兴国村
江苏省,徐州市,睢宁县,沙集镇,杨瓦村
江苏省,徐州市,睢宁县,沙集镇,余圩村
江苏省,徐州市,睢宁县,沙集镇,朱庙村
江苏省,徐州市,睢宁县,睢城街道,八里社区
江苏省,徐州市,睢宁县,睢城街道,东升社区
江苏省,徐州市,睢宁县,睢城街道,三张社区
江苏省,徐州市,睢宁县,睢城街道,周楼社区
江苏省,徐州市,新沂市,新安镇,新北村
江苏省,徐州市,新沂市,新安镇,新村
江苏省,徐州市,新沂市,新安镇,新段村
江苏省,盐城市,东台市,五烈镇,广山村
江苏省,盐城市,亭湖区,南洋镇,青墩村
江苏省,扬州市,广陵区,李典镇,新坝村
江苏省,扬州市,邗江区,槐泗镇,酒甸村
江苏省,扬州市,邗江区,西湖镇,金槐村
江苏省,扬州市,仪征市,刘集镇,古井村
江苏省,镇江市,丹徒区,辛丰镇,黄墟村
江苏省,镇江市,丹阳市,皇塘镇,蒋墅村
江苏省,镇江市,丹阳市,吕城镇,运河村
江苏省,镇江市,丹阳市,云阳镇,横塘村
江苏省,镇江市,丹阳市,云阳镇,花园村
江西省,赣州市,南康区,龙岭镇,龙岭村
江西省,景德镇市,昌江区,新枫街道,三河村
江西省,九江市,庐山市,横塘镇,红星村
江西省,南昌市,进贤县,李渡镇,大道社区
辽宁省,鞍山市,海城市,西柳镇,东柳社区
辽宁省,鞍山市,海城市,中小镇,岳家社区
辽宁省,鞍山市,海城市,中小镇,中小社区
辽宁省,鞍山市,海城市,中小镇,朱家洼村
宁夏回族自治区,银川市,贺兰县,习岗镇,德胜村
山东省,滨州市,博兴县,城东街道,鲍庄村
山东省,滨州市,博兴县,城东街道,顾家村
山东省,滨州市,博兴县,城东街道,贤城村
山东省,滨州市,博兴县,湖滨镇,柳白村
山东省,滨州市,博兴县,湖滨镇,柳舒村
山东省,滨州市,博兴县,锦秋街道,安柴村
山东省,滨州市,博兴县,锦秋街道,东风村
山东省,滨州市,博兴县,锦秋街道,段家村
山东省,滨州市,博兴县,锦秋街道,傅桥村
山东省,滨州市,博兴县,锦秋街道,孟桥村
山东省,滨州市,博兴县,锦秋街道,南陈家村
山东省,滨州市,博兴县,锦秋街道,南河东村
山东省,滨州市,博兴县,锦秋街道,湾头村
山东省,滨州市,博兴县,锦秋街道,王圈村
山东省,滨州市,博兴县,锦秋街道,魏家村
山东省,滨州市,博兴县,锦秋街道,院庄村
山东省,滨州市,博兴县,锦秋街道,周陈村
山东省,滨州市,博兴县,兴福镇,李韩村
山东省,滨州市,博兴县,兴福镇,南吴村
山东省,滨州市,博兴县,兴福镇,兴四村
山东省,滨州市,博兴县,兴福镇,赵马村
山东省,滨州市,博兴县,兴福镇,赵赵村
山东省,德州市,宁津县,张大庄镇,刘庄村
山东省,德州市,宁津县,张大庄镇,清明寺村
山东省,德州市,宁津县,张大庄镇,双碓村
山东省,菏泽市,曹县,安才楼镇,安才楼村
山东省,菏泽市,曹县,安才楼镇,火神台村
山东省,菏泽市,曹县,安才楼镇,霍庄村
山东省,菏泽市,曹县,安才楼镇,王堂村
山东省,菏泽市,曹县,安才楼镇,卫楼村
山东省,菏泽市,曹县,安才楼镇,榆林集村
山东省,菏泽市,曹县,大集镇,北街村
山东省,菏泽市,曹县,大集镇,曹海村
山东省,菏泽市,曹县,大集镇,常庙村
山东省,菏泽市,曹县,大集镇,陈河村
山东省,菏泽市,曹县,大集镇,大寺村
山东省,菏泽市,曹县,大集镇,丁楼村
山东省,菏泽市,曹县,大集镇,东北街村
山东省,菏泽市,曹县,大集镇,东街村
山东省,菏泽市,曹县,大集镇,付海村
山东省,菏泽市,曹县,大集镇,葛楼村
山东省,菏泽市,曹县,大集镇,胡楼村
山东省,菏泽市,曹县,大集镇,胡庄村
山东省,菏泽市,曹县,大集镇,花王楼村
山东省,菏泽市,曹县,大集镇,李八庄村
山东省,菏泽市,曹县,大集镇,李楼村
山东省,菏泽市,曹县,大集镇,刘楼村
山东省,菏泽市,曹县,大集镇,南街村
山东省,菏泽市,曹县,大集镇,任庄村
山东省,菏泽市,曹县,大集镇,桑庄村
山东省,菏泽市,曹县,大集镇,孙庄村
山东省,菏泽市,曹县,大集镇,王庄村
山东省,菏泽市,曹县,大集镇,文昌阁村
山东省,菏泽市,曹县,大集镇,吴庄村
山东省,菏泽市,曹县,大集镇,西街村
山东省,菏泽市,曹县,大集镇,徐庄村
山东省,菏泽市,曹县,大集镇,姚集村
山东省,菏泽市,曹县,大集镇,张庄村
山东省,菏泽市,曹县,梁堤头镇,梁东村
山东省,菏泽市,曹县,梁堤头镇,南柳村
山东省,菏泽市,曹县,梁堤头镇,夏庄村
山东省,菏泽市,曹县,倪集镇,余楼村
山东省,菏泽市,曹县,普连集镇,钟口村
山东省,菏泽市,曹县,青菏街道,东常寨
山东省,菏泽市,曹县,青菏街道,隆华店村
山东省,菏泽市,曹县,青菏街道,田油坊村
山东省,菏泽市,曹县,阎店楼镇,刘集村
山东省,菏泽市,曹县,阎店楼镇,阎店楼村
山东省,菏泽市,曹县,阎店楼镇,杨双庙村
山东省,菏泽市,曹县,朱洪庙乡,文庄村
山东省,菏泽市,曹县,庄寨镇,丁寨村
山东省,菏泽市,曹县,庄寨镇,冯寨村
山东省,菏泽市,曹县,庄寨镇,邹庄村
山东省,菏泽市,成武县,九女集镇,东张楼村
山东省,菏泽市,成武县,永昌街道,大黄楼村
山东省,菏泽市,成武县,永昌街道,刘坊村
山东省,菏泽市,单县,北城街道,广圣殿村
山东省,菏泽市,单县,谢集乡,南王庄村
山东省,菏泽市,单县,园艺街道,张知楼村
山东省,菏泽市,定陶区,张湾镇,湾子张村
山东省,菏泽市,高新区,吕陵镇,李庄村
山东省,菏泽市,巨野县,独山镇,姚楼村
山东省,菏泽市,鄄城县,大埝镇,家斜李村
山东省,菏泽市,牡丹区,马岭岗镇,万乾村
山东省,菏泽市,郓城县,南赵楼镇,南赵楼村
山东省,菏泽市,郓城县,唐塔街道,西代庄村
山东省,临沂市,费县,上冶镇,水湖村
山东省,临沂市,兰山区,兰山街道,八里屯村
山东省,临沂市,临沭县,青云镇,白旄西居
山东省,临沂市,临沭县,青云镇,东朱崔村
山东省,临沂市,临沭县,青云镇,金柳村
山东省,青岛市,即墨市,移风店镇,大欧村
山东省,青岛市,即墨市,移风店镇,七级东南村
山东省,青岛市,胶州市,三里河街道,花园村
山东省,青岛市,平度市,新河镇,灰埠村
山东省,日照市,莒县,阎庄镇,渚汀村
山东省,泰安市,东平县,彭集街道,后亭村
山东省,泰安市,肥城市,边院镇,徐庙村
山东省,泰安市,肥城市,石横镇,旅店村
山东省,泰安市,肥城市,新城街道,东尚里村
山东省,泰安市,肥城市,新城街道,沙沟村
山东省,泰安市,肥城市,新城街道,西尚里村
山东省,泰安市,肥城市,仪阳街道,刘台村
山东省,泰安市,新泰市,青云街道,西西周南村
山东省,威海市,环翠区,张村镇,张村
山东省,潍坊市,高密市,经济开发区,张鲁寺村
山东省,烟台市,龙口市,东江街道,南山村
山东省,烟台市,栖霞市,蛇窝泊镇,荷叶村
四川省,成都市,郫县,安靖镇,林湾村
四川省,成都市,郫县,安靖镇,土地村
四川省,成都市,郫县,安靖镇,雍渡村
天津,天津市,北辰区,小淀镇,刘安庄村
天津,天津市,静海区,蔡公庄镇,四党口中村
天津,天津市,静海区,子牙镇,潘庄子村
天津,天津市,静海区,子牙镇,子牙村
天津,天津市,武清区,王庆坨镇,一街村
云南省,大理白族自治州,鹤庆县,草海镇,新华村
浙江省,杭州市,富阳市,富春街道,春华村
浙江省,杭州市,富阳市,富春街道,秋丰村
浙江省,杭州市,建德市,杨村桥镇,杨村
浙江省,杭州市,临安市,昌化镇,白牛村
浙江省,杭州市,临安市,昌化镇,后营村
浙江省,杭州市,临安市,昌化镇,西街村
浙江省,杭州市,临安市,岛石镇,岛石村
浙江省,杭州市,临安市,岛石镇,江川村
浙江省,杭州市,临安市,岛石镇,仁里村
浙江省,杭州市,临安市,高虹镇,崇阳村
浙江省,杭州市,临安市,高虹镇,高乐村
浙江省,杭州市,临安市,高虹镇,虹桥村
浙江省,杭州市,临安市,锦北街道,平山村
浙江省,杭州市,临安市,龙岗镇,无他村
浙江省,杭州市,临安市,龙岗镇,新溪新村
浙江省,杭州市,临安市,龙岗镇,兴龙村
浙江省,杭州市,临安市,清凉峰镇,湖门村
浙江省,杭州市,临安市,清凉峰镇,马啸村
浙江省,杭州市,临安市,清凉峰镇,新都村
浙江省,杭州市,临安市,清凉峰镇,玉屏村
浙江省,杭州市,临安市,天目山镇,对石村
浙江省,杭州市,临安市,天目山镇,周云村
浙江省,杭州市,临安市,於潜镇,下埠村
浙江省,杭州市,临安市,於潜镇,杨洪村
浙江省,杭州市,临安市,於潜镇,自由村
浙江省,杭州市,桐庐县,分水镇,东溪村
浙江省,杭州市,桐庐县,横村镇,方埠村
浙江省,杭州市,桐庐县,横村镇,横村
浙江省,杭州市,西湖区,西湖街道,梅家坞村
浙江省,杭州市,萧山区,瓜沥镇,永联村
浙江省,杭州市,萧山区,南阳街道,横蓬村
浙江省,杭州市,萧山区,宁围镇,二桥村
浙江省,杭州市,萧山区,宁围镇,丰北村
浙江省,杭州市,萧山区,宁围镇,宁牧村
浙江省,杭州市,萧山区,宁围镇,宁新村
浙江省,杭州市,萧山区,宁围镇,顺坝村
浙江省,杭州市,萧山区,宁围镇,新安村
浙江省,杭州市,萧山区,宁围镇,新华村
浙江省,杭州市,萧山区,宁围镇,盈二村
浙江省,杭州市,萧山区,闻堰镇,黄山村
浙江省,杭州市,萧山区,闻堰镇,山河村
浙江省,杭州市,萧山区,闻堰镇,长安村
浙江省,杭州市,萧山区,新街镇,盛乐村
浙江省,杭州市,萧山区,新街镇,同兴村
浙江省,杭州市,萧山区,新街镇,新盛村
浙江省,杭州市,萧山区,新街镇,元沙村
浙江省,杭州市,萧山区,益农镇,众力村
浙江省,杭州市,余杭区,良渚街道,勾庄村
浙江省,杭州市,余杭区,良渚街道,行宫塘村
浙江省,杭州市,余杭区,良渚街道,南庄兜村
浙江省,杭州市,余杭区,良渚街道,西塘河村
浙江省,杭州市,余杭区,良渚街道,运河村
浙江省,杭州市,余杭区,瓶窑镇,凤都村
浙江省,杭州市,余杭区,乔司街道,朝阳村
浙江省,杭州市,余杭区,乔司街道,方桥村
浙江省,杭州市,余杭区,乔司街道,葛家车村
浙江省,杭州市,余杭区,乔司街道,和睦桥村
浙江省,杭州市,余杭区,乔司街道,良熟村
浙江省,杭州市,余杭区,乔司街道,三角村
浙江省,杭州市,余杭区,乔司街道,吴家村
浙江省,杭州市,余杭区,乔司街道,五星村
浙江省,杭州市,余杭区,乔司街道,永和村
浙江省,杭州市,余杭区,乔司街道,永西村
浙江省,杭州市,余杭区,仁和街道,云会村
浙江省,杭州市,余杭区,运河街道,兴旺村
浙江省,湖州市,安吉县,递铺镇,万亩村
浙江省,湖州市,安吉县,杭垓镇,松坑村
浙江省,湖州市,安吉县,梅溪镇,晓墅村
浙江省,湖州市,安吉县,天荒坪镇,白水湾村
浙江省,湖州市,吴兴区,八里店镇,前村
浙江省,湖州市,吴兴区,八里店镇,西山村
浙江省,湖州市,吴兴区,织里镇,大港村
浙江省,湖州市,吴兴区,织里镇,大河村
浙江省,湖州市,吴兴区,织里镇,河西村
浙江省,湖州市,吴兴区,织里镇,凌家汇村
浙江省,湖州市,吴兴区,织里镇,秦家港村
浙江省,湖州市,吴兴区,织里镇,轧村
浙江省,湖州市,长兴县,太湖街道,杨湾村
浙江省,嘉兴市,海宁市,马桥街道,柏士村
浙江省,嘉兴市,海宁市,马桥街道,先锋村
浙江省,嘉兴市,海宁市,斜桥镇,华丰村
浙江省,嘉兴市,海宁市,斜桥镇,庆云村
浙江省,嘉兴市,海宁市,斜桥镇,三联村
浙江省,嘉兴市,海宁市,许村镇,前进村
浙江省,嘉兴市,海宁市,许村镇,许巷村
浙江省,嘉兴市,海宁市,许村镇,永福村
浙江省,嘉兴市,海宁市,盐官镇,丰士村
浙江省,嘉兴市,海宁市,盐官镇,郭店村
浙江省,嘉兴市,海宁市,袁花镇,谈桥村
浙江省,嘉兴市,海宁市,长安镇,老庄村
浙江省,嘉兴市,海宁市,长安镇,盐仓村
浙江省,嘉兴市,海盐县,百步镇,横港村
浙江省,嘉兴市,海盐县,百步镇,五丰村
浙江省,嘉兴市,海盐县,澉浦镇,六里村
浙江省,嘉兴市,嘉善县,西塘镇,大舜村
浙江省,嘉兴市,平湖市,当湖街道,庆丰新村
浙江省,嘉兴市,平湖市,当湖街道,三港村
浙江省,嘉兴市,平湖市,独山港镇,周圩村
浙江省,嘉兴市,平湖市,广陈镇,前港村
浙江省,嘉兴市,平湖市,新埭镇,大齐塘村
浙江省,嘉兴市,平湖市,新埭镇,鱼圻塘村
浙江省,嘉兴市,桐乡市,崇福镇,城郊村
浙江省,嘉兴市,桐乡市,崇福镇,东安村
浙江省,嘉兴市,桐乡市,崇福镇,上市村
浙江省,嘉兴市,桐乡市,濮院镇,红星新村
浙江省,嘉兴市,桐乡市,濮院镇,宏苑新村
浙江省,嘉兴市,桐乡市,濮院镇,会龙新村
浙江省,嘉兴市,桐乡市,濮院镇,金龙村
浙江省,嘉兴市,桐乡市,濮院镇,联新村
浙江省,嘉兴市,桐乡市,濮院镇,新濮村
浙江省,嘉兴市,桐乡市,濮院镇,新星村
浙江省,嘉兴市,桐乡市,濮院镇,兴乐新村
浙江省,嘉兴市,桐乡市,濮院镇,叙星新村
浙江省,嘉兴市,桐乡市,濮院镇,永宏新村
浙江省,嘉兴市,桐乡市,濮院镇,永联村
浙江省,嘉兴市,桐乡市,濮院镇,永越村
浙江省,嘉兴市,桐乡市,石门镇,羔羊村
浙江省,嘉兴市,桐乡市,洲泉镇,青石村
浙江省,嘉兴市,桐乡市,洲泉镇,义马村
浙江省,嘉兴市,秀洲区,洪合镇,良三村
浙江省,金华市,东阳市,歌山镇,西宅村
浙江省,金华市,东阳市,南马镇,东湖村
浙江省,金华市,东阳市,南马镇,防军村
浙江省,金华市,东阳市,南马镇,花园村
浙江省,金华市,东阳市,南马镇,南湖村
浙江省,金华市,金东区,孝顺镇,低田村
浙江省,金华市,兰溪市,梅江镇,墩头村
浙江省,金华市,浦江县,浦南街道,潘宅村
浙江省,金华市,浦江县,浦南街道,石埠头村
浙江省,金华市,武义县,白洋街道,牛背金村
浙江省,金华市,武义县,桐琴镇,东干村
浙江省,金华市,武义县,桐琴镇,东山村
浙江省,金华市,武义县,桐琴镇,楼王村
浙江省,金华市,婺城区,苏孟乡,江家村
浙江省,金华市,义乌市,城西街道,夏演村
浙江省,金华市,义乌市,城西街道,益公山村
浙江省,金华市,义乌市,稠城街道,东前王村
浙江省,金华市,义乌市,稠城街道,荷叶塘村
浙江省,金华市,义乌市,稠城街道,江北下朱村
浙江省,金华市,义乌市,稠城街道,楼西塘村
浙江省,金华市,义乌市,稠城街道,屋基村
浙江省,金华市,义乌市,稠城街道,下骆宅村
浙江省,金华市,义乌市,稠城街道,下西陶村
浙江省,金华市,义乌市,稠江街道,贝村
浙江省,金华市,义乌市,稠江街道,后申塘村
浙江省,金华市,义乌市,稠江街道,江湾村
浙江省,金华市,义乌市,稠江街道,龙回村
浙江省,金华市,义乌市,稠江街道,楼下村
浙江省,金华市,义乌市,稠江街道,新村
浙江省,金华市,义乌市,稠江街道,新屋村
浙江省,金华市,义乌市,稠江街道,杨村
浙江省,金华市,义乌市,佛堂镇,王新村
浙江省,金华市,义乌市,后宅街道,何界村
浙江省,金华市,义乌市,后宅街道,溪坦村
浙江省,金华市,义乌市,后宅街道,下畈村
浙江省,金华市,义乌市,后宅街道,下余山村
浙江省,金华市,义乌市,后宅街道,叶宅村
浙江省,金华市,义乌市,江东街道,赤塘村
浙江省,金华市,义乌市,江东街道,大湖头村
浙江省,金华市,义乌市,江东街道,大元村
浙江省,金华市,义乌市,江东街道,东山头村
浙江省,金华市,义乌市,江东街道,东新屋村
浙江省,金华市,义乌市,江东街道,樊村
浙江省,金华市,义乌市,江东街道,龚大塘村
浙江省,金华市,义乌市,江东街道,后成村
浙江省,金华市,义乌市,江东街道,候儿村
浙江省,金华市,义乌市,江东街道,江南村
浙江省,金华市,义乌市,江东街道,金村
浙江省,金华市,义乌市,江东街道,九联村
浙江省,金华市,义乌市,江东街道,孔村
浙江省,金华市,义乌市,江东街道,梅湖村
浙江省,金华市,义乌市,江东街道,鲇溪村
浙江省,金华市,义乌市,江东街道,前成村
浙江省,金华市,义乌市,江东街道,青口村
浙江省,金华市,义乌市,江东街道,青岩傅村
浙江省,金华市,义乌市,江东街道,青岩刘村
浙江省,金华市,义乌市,江东街道,山口村
浙江省,金华市,义乌市,江东街道,尚仁村
浙江省,金华市,义乌市,江东街道,石塔头村
浙江省,金华市,义乌市,江东街道,西陈村
浙江省,金华市,义乌市,江东街道,西谷村
浙江省,金华市,义乌市,江东街道,下傅村
浙江省,金华市,义乌市,江东街道,下湾村
浙江省,金华市,义乌市,江东街道,下王村
浙江省,金华市,义乌市,江东街道,下朱村
浙江省,金华市,义乌市,江东街道,永胜村
浙江省,金华市,义乌市,江东街道,宗塘村
浙江省,金华市,义乌市,廿三里街道,何宅村
浙江省,金华市,义乌市,廿三里街道,石柱下村
浙江省,金华市,义乌市,廿三里街道,下朱宅村
浙江省,金华市,义乌市,苏溪镇,里宅村
浙江省,金华市,义乌市,苏溪镇,马丁村
浙江省,金华市,义乌市,苏溪镇,齐山楼村
浙江省,金华市,义乌市,苏溪镇,上西陶村
浙江省,金华市,义乌市,苏溪镇,新院村
浙江省,金华市,义乌市,苏溪镇,徐丰村
浙江省,金华市,义乌市,苏溪镇,阳光新村
浙江省,金华市,义乌市,苏溪镇,油碑塘村
浙江省,金华市,义乌市,苏溪镇,长府村
浙江省,金华市,永康市,东城街道,大坟山沿村
浙江省,金华市,永康市,东城街道,大花园村
浙江省,金华市,永康市,东城街道,黄城里村
浙江省,金华市,永康市,东城街道,黄棠村
浙江省,金华市,永康市,东城街道,十里牌村
浙江省,金华市,永康市,东城街道,小花园村
浙江省,金华市,永康市,东城街道,长城村
浙江省,金华市,永康市,方岩镇,派溪村
浙江省,金华市,永康市,江南街道,下楼村
浙江省,金华市,永康市,石柱镇,下里溪村
浙江省,金华市,永康市,西城街道,小东陈村
浙江省,金华市,永康市,象珠镇,派溪吕村
浙江省,金华市,永康市,芝英镇,柿后村
浙江省,金华市,永康市,芝英镇,堰头村
浙江省,金华市,永康市,芝英镇,应南溪村
浙江省,金华市,永康市,芝英镇,芝英二村
浙江省,丽水市,缙云县,东渡镇,东渡村
浙江省,丽水市,缙云县,东渡镇,兰口村
浙江省,丽水市,缙云县,壶镇镇,北山村
浙江省,丽水市,缙云县,新碧街道,黄碧街村
浙江省,丽水市,缙云县,新建镇,笕川村
浙江省,丽水市,景宁畲族自治县,红星街道,城北村
浙江省,丽水市,景宁畲族自治县,红星街道,王金洋村
浙江省,丽水市,莲都区,紫金街道,水东村
浙江省,丽水市,龙泉市,安仁镇,黄石玄村
浙江省,丽水市,龙泉市,剑池街道,南秦村
浙江省,丽水市,龙泉市,龙渊街道,村头村
浙江省,丽水市,青田县,瓯南街道,水南村
浙江省,丽水市,青田县,祯埠乡,小群村
浙江省,丽水市,庆元县,松源街道,北门村
浙江省,丽水市,庆元县,松源镇,五一村
浙江省,丽水市,松阳县,大东坝镇,西山村
浙江省,丽水市,松阳县,古市镇,筏铺村
浙江省,丽水市,松阳县,西屏街道,北山村
浙江省,丽水市,云和县,白龙山街道,高胥村
浙江省,丽水市,云和县,凤凰山街道,巧云村
浙江省,宁波市,慈溪市,庵东镇,海南村
浙江省,宁波市,慈溪市,附海镇,东海村
浙江省,宁波市,慈溪市,附海镇,花塘村
浙江省,宁波市,慈溪市,附海镇,四界村
浙江省,宁波市,慈溪市,观海卫镇,大岐山村
浙江省,宁波市,慈溪市,观海卫镇,东山头村
浙江省,宁波市,慈溪市,长河镇,沧田村
浙江省,宁波市,慈溪市,掌起镇,陈家村
浙江省,宁波市,慈溪市,掌起镇,厉家村
浙江省,宁波市,慈溪市,周巷镇,云城村
浙江省,宁波市,象山县,丹西街道,白石村
浙江省,宁波市,鄞州区,高桥镇,秀丰村
浙江省,宁波市,鄞州区,高桥镇,长乐村
浙江省,宁波市,鄞州区,古林镇,布政村
浙江省,宁波市,鄞州区,古林镇,陈横楼村
浙江省,宁波市,鄞州区,古林镇,礼嘉桥村
浙江省,宁波市,鄞州区,古林镇,藕池村
浙江省,宁波市,鄞州区,古林镇,薛家村
浙江省,宁波市,鄞州区,姜山镇,周韩村
浙江省,宁波市,余姚市,低塘街道,历山村
浙江省,宁波市,余姚市,低塘街道,芦城村
浙江省,宁波市,余姚市,朗霞街道,新新村
浙江省,宁波市,余姚市,陆埠镇,江南村
浙江省,宁波市,余姚市,马渚镇,斗门村
浙江省,宁波市,余姚市,丈亭镇,渔溪村
浙江省,宁波市,镇海区,庄市街道,光明村
浙江省,衢州市,常山县,紫港街道,富足山村
浙江省,衢州市,江山市,贺村镇,淤头村
浙江省,衢州市,江山市,清湖镇,新塘底村
浙江省,衢州市,柯城区,衢化街道,缸窑村
浙江省,衢州市,柯城区,万田乡,顺家路边村
浙江省,衢州市,龙游县,龙洲街道,柳村村
浙江省,衢州市,衢江区,廿里镇,廿里村
浙江省,衢州市,衢江区,樟潭街道,沈家村
浙江省,绍兴市,嵊州市,黄泽镇,湖头村
浙江省,绍兴市,越城区,城南街道,九里村
浙江省,绍兴市,诸暨市,安华镇,双峰村
浙江省,绍兴市,诸暨市,草塔镇,莼塘东村
浙江省,绍兴市,诸暨市,草塔镇,杨家楼村
浙江省,绍兴市,诸暨市,大唐镇,方田村
浙江省,绍兴市,诸暨市,大唐镇,金家站村
浙江省,绍兴市,诸暨市,大唐镇,开元社区
浙江省,绍兴市,诸暨市,大唐镇,路西村
浙江省,绍兴市,诸暨市,大唐镇,轻纺城社区
浙江省,绍兴市,诸暨市,大唐镇,慎叶村
浙江省,绍兴市,诸暨市,大唐镇,中兴社区
浙江省,绍兴市,诸暨市,大唐镇,柱山村
浙江省,绍兴市,诸暨市,店口镇,湄池村
浙江省,绍兴市,诸暨市,暨阳街道,浦阳新村
浙江省,绍兴市,诸暨市,暨阳街道,邱村
浙江省,绍兴市,诸暨市,江藻镇,江藻村
浙江省,绍兴市,诸暨市,牌头镇,牌上村
浙江省,绍兴市,诸暨市,牌头镇,牌头村
浙江省,绍兴市,诸暨市,牌头镇,牌一村
浙江省,绍兴市,诸暨市,阮市镇,阮家埠村
浙江省,绍兴市,诸暨市,阮市镇,杨梅桥村
浙江省,绍兴市,诸暨市,山下湖镇,赐绯庙村
浙江省,绍兴市,诸暨市,山下湖镇,山下湖村
浙江省,绍兴市,诸暨市,山下湖镇,西杨龙村
浙江省,绍兴市,诸暨市,陶朱街道,三都村
浙江省,绍兴市,诸暨市,王家井镇,淀荡畈村
浙江省,绍兴市,诸暨市,赵家镇,赵家新村
浙江省,绍兴市,诸暨市,直埠镇,直埠村
浙江省,台州市,黄岩区,北城街道,后庄村
浙江省,台州市,黄岩区,南城街道,十里铺村
浙江省,台州市,黄岩区,沙埠镇,唐山王村
浙江省,台州市,黄岩区,新前街道,前洋村
浙江省,台州市,椒江区,洪家街道,后高桥村
浙江省,台州市,椒江区,洪家街道,上洋桥村
浙江省,台州市,椒江区,洪家街道,兆桥村
浙江省,台州市,椒江区,三甲街道,石柱村
浙江省,台州市,椒江区,章安街道,建设村
浙江省,台州市,临海市,杜桥镇,富沈村
浙江省,台州市,临海市,杜桥镇,市场村
浙江省,台州市,临海市,杜桥镇,松中村
浙江省,台州市,临海市,杜桥镇,下八年村
浙江省,台州市,临海市,桃渚镇,四岔村
浙江省,台州市,路桥区,峰江街道,施家村
浙江省,台州市,路桥区,金清镇,卷桥村
浙江省,台州市,路桥区,金清镇,下梁村
浙江省,台州市,路桥区,螺洋街道,南山村
浙江省,台州市,三门县,海游街道,城北村
浙江省,台州市,三门县,海游街道,湘山村
浙江省,台州市,三门县,珠岙镇,东谢村
浙江省,台州市,三门县,珠岙镇,下界溪村
浙江省,台州市,天台县,白鹤镇,澄村
浙江省,台州市,天台县,白鹤镇,鹤栖新村
浙江省,台州市,天台县,白鹤镇,上联新村
浙江省,台州市,天台县,白鹤镇,石板路村
浙江省,台州市,天台县,白鹤镇,左溪村
浙江省,台州市,天台县,福溪街道,下王邱村
浙江省,台州市,天台县,三合镇,大横金村
浙江省,台州市,天台县,三合镇,下坊村
浙江省,台州市,天台县,三合镇,洋头村
浙江省,台州市,天台县,始丰街道,西演茅村
浙江省,台州市,天台县,坦头镇,东陈村
浙江省,台州市,天台县,坦头镇,东横下宅村
浙江省,台州市,天台县,坦头镇,湖岸村
浙江省,台州市,天台县,坦头镇,黄务洋村
浙江省,台州市,天台县,坦头镇,牌门村
浙江省,台州市,天台县,坦头镇,瓶窑村
浙江省,台州市,天台县,坦头镇,坦头村
浙江省,台州市,天台县,坦头镇,五百村
浙江省,台州市,天台县,坦头镇,伍佰村
浙江省,台州市,天台县,坦头镇,溪南村
浙江省,台州市,天台县,坦头镇,下李村
浙江省,台州市,天台县,坦头镇,岩下村
浙江省,台州市,天台县,坦头镇,鱼山村
浙江省,台州市,天台县,坦头镇,长崔村
浙江省,台州市,温岭市,城北街道,沧浦村
浙江省,台州市,温岭市,城北街道,东普村
浙江省,台州市,温岭市,城北街道,芳田村
浙江省,台州市,温岭市,城北街道,后陈村
浙江省,台州市,温岭市,城北街道,花桥村
浙江省,台州市,温岭市,城北街道,九份村
浙江省,台州市,温岭市,城北街道,琅岙村
浙江省,台州市,温岭市,城北街道,六份村
浙江省,台州市,温岭市,城北街道,麻车村
浙江省,台州市,温岭市,城北街道,南山闸村
浙江省,台州市,温岭市,城北街道,石粘村
浙江省,台州市,温岭市,城北街道,杨家渭村
浙江省,台州市,温岭市,城东街道,汇头王村
浙江省,台州市,温岭市,城东街道,楼山村
浙江省,台州市,温岭市,城东街道,山南前村
浙江省,台州市,温岭市,城东街道,洋河村
浙江省,台州市,温岭市,大溪镇,利岙村
浙江省,台州市,温岭市,大溪镇,麻车屿村
浙江省,台州市,温岭市,大溪镇,潘郎村
浙江省,台州市,温岭市,大溪镇,山市村
浙江省,台州市,温岭市,大溪镇,田洋季村
浙江省,台州市,温岭市,大溪镇,下洋张村
浙江省,台州市,温岭市,横峰街道,东塘村
浙江省,台州市,温岭市,横峰街道,东洋村
浙江省,台州市,温岭市,横峰街道,汇川王村
浙江省,台州市,温岭市,横峰街道,七份岸村
浙江省,台州市,温岭市,横峰街道,前陈村
浙江省,台州市,温岭市,横峰街道,石埭村
浙江省,台州市,温岭市,横峰街道,西洋村
浙江省,台州市,温岭市,横峰街道,下洋林村
浙江省,台州市,温岭市,横峰街道,祝家洋村
浙江省,台州市,温岭市,横峰街道,祝洋村
浙江省,台州市,温岭市,新河镇,长屿村
浙江省,台州市,温岭市,泽国镇,八份村
浙江省,台州市,温岭市,泽国镇,茶屿村
浙江省,台州市,温岭市,泽国镇,埭头蔡村
浙江省,台州市,温岭市,泽国镇,高坦村
浙江省,台州市,温岭市,泽国镇,光明村
浙江省,台州市,温岭市,泽国镇,横泾村
浙江省,台州市,温岭市,泽国镇,横径村
浙江省,台州市,温岭市,泽国镇,洪家村
浙江省,台州市,温岭市,泽国镇,夹屿村
浙江省,台州市,温岭市,泽国镇,金施村
浙江省,台州市,温岭市,泽国镇,联树村
浙江省,台州市,温岭市,泽国镇,楼下张村
浙江省,台州市,温岭市,泽国镇,马家村
浙江省,台州市,温岭市,泽国镇,牧南村
浙江省,台州市,温岭市,泽国镇,牧西村
浙江省,台州市,温岭市,泽国镇,牧屿村
浙江省,台州市,温岭市,泽国镇,沈桥村
浙江省,台州市,温岭市,泽国镇,双峰村
浙江省,台州市,温岭市,泽国镇,五里泾村
浙江省,台州市,温岭市,泽国镇,樟皇村
浙江省,台州市,温岭市,泽国镇,长大村
浙江省,台州市,仙居县,下各镇,湖其园村
浙江省,台州市,仙居县,下各镇,黄梁陈村
浙江省,台州市,仙居县,下各镇,路南村
浙江省,台州市,仙居县,下各镇,西垟村
浙江省,台州市,玉环县,楚门镇,胡新村
浙江省,台州市,玉环县,楚门镇,吴家村
浙江省,台州市,玉环县,芦浦镇,漩门村
浙江省,温州市,苍南县,灵溪镇,坝头村
浙江省,温州市,苍南县,灵溪镇,百丈村
浙江省,温州市,苍南县,灵溪镇,东仓村
浙江省,温州市,苍南县,灵溪镇,宫后陈村
浙江省,温州市,苍南县,灵溪镇,上江村
浙江省,温州市,苍南县,灵溪镇,双益村
浙江省,温州市,苍南县,龙港镇,芦浦村
浙江省,温州市,苍南县,龙港镇,下埠村
浙江省,温州市,苍南县,马站镇,霞关村
浙江省,温州市,苍南县,宜山镇,芙蓉村
浙江省,温州市,乐清市,北白象镇,白鹭屿村
浙江省,温州市,乐清市,北白象镇,三房村
浙江省,温州市,乐清市,虹桥镇,溪西村
浙江省,温州市,乐清市,柳市镇,朝阳村
浙江省,温州市,乐清市,柳市镇,店后村
浙江省,温州市,乐清市,柳市镇,东村
浙江省,温州市,乐清市,柳市镇,方斗岩村
浙江省,温州市,乐清市,柳市镇,后街村
浙江省,温州市,乐清市,柳市镇,黄七甲村
浙江省,温州市,乐清市,柳市镇,前西村
浙江省,温州市,乐清市,柳市镇,前西垟村
浙江省,温州市,乐清市,柳市镇,上池村
浙江省,温州市,乐清市,柳市镇,上五宅村
浙江省,温州市,乐清市,柳市镇,苏吕村
浙江省,温州市,乐清市,柳市镇,新光村
浙江省,温州市,乐清市,柳市镇,新民村
浙江省,温州市,乐清市,柳市镇,长春村
浙江省,温州市,乐清市,柳市镇,长虹村
浙江省,温州市,乐清市,柳市镇,智广村
浙江省,温州市,乐清市,清江镇,南塘村
浙江省,温州市,乐清市,石帆街道,朴湖二村
浙江省,温州市,乐清市,翁垟街道,沙头村
浙江省,温州市,乐清市,雁荡镇,白溪街村
浙江省,温州市,龙湾区,状元街道,西台村
浙江省,温州市,鹿城区,双屿街道,前陈村
浙江省,温州市,鹿城区,双屿街道,双岙村
浙江省,温州市,鹿城区,双屿街道,屿头村
浙江省,温州市,鹿城区,藤桥镇,潮济村
浙江省,温州市,鹿城区,藤桥镇,樟村
浙江省,温州市,瓯海区,郭溪街道,曹埭村
浙江省,温州市,瓯海区,郭溪街道,凰桥村
浙江省,温州市,瓯海区,郭溪街道,梅屿村
浙江省,温州市,瓯海区,郭溪街道,梅园村
浙江省,温州市,瓯海区,郭溪街道,浦北村
浙江省,温州市,瓯海区,郭溪街道,任桥村
浙江省,温州市,瓯海区,郭溪街道,宋岙底村
浙江省,温州市,瓯海区,郭溪街道,塘下村
浙江省,温州市,瓯海区,娄桥街道,上汇村
浙江省,温州市,瓯海区,潘桥街道,陈庄村
浙江省,温州市,瓯海区,潘桥街道,丁岙村
浙江省,温州市,瓯海区,潘桥街道,横塘村
浙江省,温州市,瓯海区,潘桥街道,仙门村
浙江省,温州市,瓯海区,仙岩街道,沈岙村
浙江省,温州市,瓯海区,仙岩街道,穗丰村
浙江省,温州市,瓯海区,泽雅镇,戈恬村
浙江省,温州市,平阳县,鳌江镇,钱仓村
浙江省,温州市,平阳县,昆阳镇,临区村
浙江省,温州市,平阳县,腾蛟镇,凤巢村
浙江省,温州市,平阳县,万全镇,宋埠村
浙江省,温州市,平阳县,万全镇,宋桥村
浙江省,温州市,瑞安市,东山街道,上埠村
浙江省,温州市,瑞安市,东山街道,下埠村
浙江省,温州市,瑞安市,飞云街道,横河村
浙江省,温州市,瑞安市,飞云街道,十八江村
浙江省,温州市,瑞安市,飞云街道,宋家埭村
浙江省,温州市,瑞安市,飞云街道,杏里村
浙江省,温州市,瑞安市,锦湖街道,白象村
浙江省,温州市,瑞安市,马屿镇,曹村
浙江省,温州市,瑞安市,马屿镇,九甲村
浙江省,温州市,瑞安市,南滨街道,大池头村
浙江省,温州市,瑞安市,塘下镇,鲍三村
浙江省,温州市,瑞安市,塘下镇,鲍四村
浙江省,温州市,瑞安市,塘下镇,鲍一村
浙江省,温州市,瑞安市,塘下镇,官渎村
浙江省,温州市,瑞安市,塘下镇,韩田村
浙江省,温州市,瑞安市,塘下镇,花园村
浙江省,温州市,瑞安市,塘下镇,上金村
浙江省,温州市,瑞安市,塘下镇,塘西村
浙江省,温州市,瑞安市,塘下镇,塘下村
浙江省,温州市,瑞安市,塘下镇,赵宅村
浙江省,温州市,瑞安市,陶山镇,桐浦村
浙江省,温州市,瑞安市,仙降街道,金光村
浙江省,温州市,瑞安市,仙降街道,金山村
浙江省,温州市,瑞安市,仙降街道,林光村
浙江省,温州市,瑞安市,仙降街道,四甲村
浙江省,温州市,瑞安市,仙降街道,塘里村
浙江省,温州市,瑞安市,仙降街道,翁垟村
浙江省,温州市,瑞安市,仙降街道,垟坑村
浙江省,温州市,瑞安市,仙降街道,垟头村
浙江省,温州市,瑞安市,仙降街道,涨岙村
浙江省,温州市,永嘉县,黄田街道,千石村
浙江省,温州市,永嘉县,江北街道,珠岙村
浙江省,温州市,永嘉县,桥头镇,桥头村
浙江省,温州市,永嘉县,桥下镇,埠头村
浙江省,温州市,永嘉县,桥下镇,方岙村
浙江省,温州市,永嘉县,桥下镇,六岙村
浙江省,温州市,永嘉县,桥下镇,梅岙村
浙江省,温州市,永嘉县,桥下镇,上村
浙江省,温州市,永嘉县,桥下镇,西岙村
浙江省,温州市,永嘉县,桥下镇,下斜村
浙江省,温州市,永嘉县,桥下镇,小京岙村
贵州省,贵阳市,西峰镇,西峰镇,立碑村